<?xml version="1.0" encoding="UTF-8"?>
<application xmlns="http://java.sun.com/xml/ns/javaee"
	xmlns:xsi="http://www.w3.org/2001/XMLSchema-instance"
	xsi:schemaLocation="http://java.sun.com/xml/ns/javaee http://java.sun.com/xml/ns/javaee/application_6.xsd"
	version="6">
	<display-name>bloom-rental-cust-ear</display-name>
	<module>
	<web>
	<web-uri>bloom-rental-cust-web-1.0-SNAPSHOT.war</web-uri>
	<context-root>/bloom-rental-cust</context-root>
	</web>
	</module>
	<module>
	<ejb>bloom-rental-cust-ejb-1.0-SNAPSHOT.jar</ejb>
	</module>
	<library-directory>lib</library-directory>
</application>
